id,age,genre,language,talkative,sympathetic,orderly,envious,deep,withdrawn,harsh,careless,relaxed,average,bold,kind,systematic,moody,philosophical,bashful,warm,inefficient,touchy,creative,energetic,cooperative,practical,jealous,intellectual,quiet,distant,sloppy,mellow,ordinary,shy,cold,disorganized,temperamental,complex,extraverted,rude,efficient,fretful,imaginative,extraversion_final,agreeableness_final,conscientiousness_final,stability_final,openess_final,selected_attr,creation_date
2,0,M,pt,4,9,4,1,8,3,7,2,7,2,4,8,7,1,7,5,5,3,8,9,6,6,8,1,9,8,6,4,9,2,7,5,8,2,8,3,1,8,5,9,34,49,50,58,66,,"2018-09-21 20:51:17.000000"
3,49,M,pt,4,9,4,1,8,3,7,2,7,2,4,8,7,1,7,5,5,3,8,9,6,6,8,1,9,8,6,4,9,2,7,5,8,2,8,3,1,8,5,9,34,49,50,58,66,"Sympathetic,Withdrawn,Relaxed,Kind,Creative,Practical,Intellectual,Quiet,Mellow,Disorganized,Imaginative","2018-09-21 20:54:41.000000"
4,27,M,pt,6,8,7,6,7,3,6,2,4,5,6,9,8,3,6,7,8,2,5,7,8,9,8,2,9,5,2,2,8,1,4,2,2,7,8,5,2,8,7,9,46,62,63,42,60,"Sympathetic,Kind,Systematic,Energetic,Intellectual,Efficient,Imaginative","2018-09-25 15:33:59.000000"
5,35,M,pt,9,8,8,0,0,0,7,0,0,0,0,0,5,5,8,0,0,0,0,0,3,7,7,0,6,0,0,0,0,0,0,0,0,0,0,7,0,0,0,0,19,18,20,5,14,"Talkative,Sympathetic,Orderly,Harsh,Systematic,Moody,Philosophical,Energetic,Cooperative,Practical,Intellectual,Extraverted","2018-09-25 15:37:50.000000"
6,0,M,pt,4,5,9,5,8,9,4,6,5,2,7,9,7,4,7,5,8,2,1,7,7,8,8,4,8,7,6,5,8,4,7,3,3,5,7,5,3,8,5,7,35,54,56,49,58,,"2018-09-27 14:28:35.000000"
7,0,M,pt,0,9,0,0,0,0,0,0,0,0,0,7,0,0,0,0,0,0,0,5,0,7,0,0,0,0,0,0,0,0,0,0,0,0,0,6,0,0,7,0,6,23,0,3,5,"Sympathetic,Kind,Creative,Cooperative,Extraverted,Fretful","2018-10-01 16:26:09.000000"
8,29,M,pt,8,2,5,2,9,2,3,4,7,5,8,8,7,4,8,5,7,3,4,7,6,8,7,4,8,3,4,4,3,6,5,5,3,4,8,4,5,7,4,7,51,48,52,48,56,,"2018-10-15 01:25:25.000000"
9,22,F,pt,9,7,5,1,5,4,1,5,9,1,6,8,5,1,1,2,7,1,1,5,9,7,6,5,6,1,1,5,5,1,3,1,4,2,7,7,1,6,9,7,61,65,47,55,49,"Talkative,Sympathetic,Kind,Energetic,Jealous,Intellectual,Extraverted,Efficient,Fretful","2018-10-18 12:23:51.000000"
10,0,F,pt,8,9,5,1,5,4,2,2,2,5,8,9,5,5,5,8,9,2,8,7,7,6,6,4,5,3,4,4,5,3,5,3,2,5,6,8,5,6,5,5,51,59,52,39,45,"Talkative,Sympathetic,Bold,Kind,Bashful,Warm,Energetic,Cooperative,Practical,Extraverted","2018-10-18 12:29:03.000000"
11,22,F,pt,7,7,9,1,1,5,5,1,6,5,8,5,8,5,2,3,6,1,1,8,5,8,7,1,8,2,1,1,5,1,2,2,1,7,9,7,1,8,1,8,55,57,68,55,50,"Orderly,Bold,Creative,Cooperative,Temperamental,Complex,Efficient","2018-10-18 12:29:36.000000"
12,28,M,pt,6,7,6,3,0,5,3,0,9,0,8,8,4,2,0,3,7,0,0,6,4,8,4,8,5,5,0,0,4,0,4,4,0,0,5,7,4,5,5,6,48,49,19,35,22,"Talkative,Sympathetic,Orderly,Envious,Withdrawn,Harsh,Relaxed,Bold,Kind,Systematic,Moody,Bashful,Warm,Creative,Energetic,Cooperative,Practical,Jealous,Intellectual,Quiet,Mellow,Shy,Cold,Complex,Extraverted,Rude,Efficient,Fretful,Imaginative","2018-10-18 13:48:25.000000"
13,0,M,pt,1,3,5,1,8,8,8,1,1,1,1,8,9,3,5,8,1,1,1,8,1,5,9,1,4,9,5,6,8,1,9,7,1,1,1,1,1,9,7,7,10,36,63,55,51,"Systematic,Practical,Quiet,Shy,Efficient","2018-10-18 14:00:14.000000"
14,0,M,en,4,5,4,5,9,3,2,1,3,2,0,0,0,0,0,0,0,0,0,0,0,0,0,0,0,0,0,0,0,0,0,0,0,0,0,0,0,0,0,0,11,13,13,8,17,"Talkative,Sympathetic,Orderly,Envious,Deep,Withdrawn,Harsh,Careless,Relaxed,Average","2018-10-26 09:41:06.000000"
15,0,M,en,4,5,4,5,9,3,2,1,3,2,3,5,4,8,5,0,0,0,0,0,0,0,0,0,0,0,0,0,0,0,0,0,0,0,0,0,0,0,0,0,14,18,17,10,22,"Talkative,Sympathetic,Orderly,Envious,Deep,Withdrawn,Harsh,Careless,Relaxed,Average,Bold,Kind,Systematic,Moody,Philosophical","2018-10-26 11:56:06.000000"
16,25,F,pt,4,6,0,3,3,6,4,7,7,5,5,6,5,5,3,6,5,6,5,7,5,7,8,3,6,5,7,6,6,5,5,5,5,4,3,5,3,6,5,7,37,45,35,48,39,,"2018-11-26 12:16:37.000000"
17,0,M,pt,5,3,9,6,6,7,5,3,6,1,5,7,7,3,5,6,3,4,3,5,8,6,6,6,7,7,6,2,6,2,5,8,2,5,6,4,6,6,7,3,37,34,57,42,49,"Orderly,Creative,Energetic,Quiet,Ordinary,Cold,Fretful","2019-01-16 16:42:18.000000"
18,26,M,pt,7,7,3,6,9,6,6,7,4,5,8,4,6,6,9,6,7,4,0,8,6,3,4,3,8,6,2,6,8,3,7,7,5,9,8,7,7,7,9,9,43,39,38,29,63,,"2019-01-16 16:47:40.000000"
19,0,M,en,0,5,5,5,0,9,2,5,2,5,0,6,3,7,0,0,2,0,0,0,0,3,2,4,5,9,6,6,3,5,9,7,5,3,5,0,3,5,3,3,3,38,29,33,23,,"2019-02-05 20:22:33.000000"
20,0,M,pt,5,9,2,8,9,2,2,2,2,6,5,8,8,4,6,1,8,5,2,3,5,8,2,2,7,3,5,2,2,2,3,2,2,4,8,4,2,5,8,8,50,62,46,36,53,Talkative,"2019-02-05 20:22:46.000000"
21,26,M,pt,3,5,8,3,0,8,3,2,5,0,5,0,7,5,0,4,0,2,0,7,5,0,0,0,8,7,7,3,6,2,6,5,2,0,6,3,0,8,0,7,31,20,54,23,36,,"2019-02-05 20:23:08.000000"
22,0,M,pt,0,7,3,0,2,7,1,2,5,0,6,8,8,0,5,3,3,0,4,2,2,3,3,0,0,0,0,0,0,0,6,3,2,3,6,2,0,3,8,5,24,37,33,20,20,,"2019-02-05 20:23:48.000000"
23,26,M,pt,3,5,8,3,0,8,3,2,5,0,5,0,7,5,0,4,0,2,0,7,5,0,0,0,8,7,7,3,6,2,6,5,2,0,6,3,0,8,0,7,31,20,54,23,36,,"2019-02-05 20:24:10.000000"
24,0,M,pt,5,7,5,1,7,8,1,3,7,5,4,8,5,5,6,7,6,2,4,6,3,8,8,2,7,8,2,4,8,1,7,1,3,3,6,4,1,8,3,7,26,64,54,57,53,"Sympathetic,Withdrawn,Relaxed,Practical,Quiet,Mellow,Shy,Efficient","2019-02-05 20:29:18.000000"
25,0,M,pt,8,8,8,1,7,0,0,0,7,0,8,8,0,1,0,7,0,7,0,0,7,8,2,1,7,0,0,0,0,0,7,0,9,6,0,7,1,2,6,0,36,33,16,42,14,"Talkative,Sympathetic,Orderly,Envious,Deep,Relaxed,Bold,Kind,Moody,Bashful,Inefficient,Energetic,Cooperative,Practical,Jealous,Intellectual,Shy,Disorganized,Temperamental,Extraverted,Rude,Efficient,Fretful","2019-02-05 20:29:19.000000"
26,0,M,en,80,90,3,50,50,8,30,60,8,5,50,90,40,30,3,50,7,60,60,20,4,8,8,20,7,60,20,30,3,5,5,20,70,20,4,50,20,50,40,2,101,137,-87,-157,96,,"2019-02-05 20:31:30.000000"
27,36,F,pt,4,8,1,1,1,8,0,1,4,1,9,8,2,1,1,7,8,0,1,7,5,8,8,6,2,9,1,1,8,1,7,1,5,4,1,5,1,6,1,8,32,59,40,58,38,,"2019-02-05 20:33:36.000000"
28,36,F,pt,4,8,1,1,1,8,0,1,4,1,9,8,2,1,1,7,8,0,1,7,5,8,8,6,2,9,1,1,8,1,7,1,5,4,1,5,1,6,1,8,32,59,40,58,38,,"2019-02-05 20:34:45.000000"
29,0,M,pt,4,6,7,2,7,8,5,5,7,2,7,5,7,5,7,6,6,3,4,6,6,6,7,4,7,6,3,3,7,4,7,4,4,5,7,3,3,7,3,6,33,48,53,51,54,"Withdrawn,Systematic,Intellectual,Mellow,Efficient","2019-02-05 20:36:20.000000"
30,0,M,pt,8,8,5,4,7,6,7,7,8,8,3,8,4,4,8,7,8,6,7,6,8,8,9,4,8,4,6,8,7,7,6,8,7,4,3,8,9,8,7,6,44,42,38,45,43,,"2019-02-05 20:39:40.000000"
31,58,M,pt,4,8,5,1,5,8,3,4,8,5,8,9,4,1,6,8,9,4,6,8,8,9,9,1,8,8,7,6,8,1,8,6,6,6,7,2,2,7,5,8,30,57,45,56,56,,"2019-02-05 20:45:11.000000"
32,0,F,pt,3,5,5,5,7,8,1,6,2,5,1,5,6,5,6,9,5,5,5,7,5,6,5,7,5,8,8,7,6,8,8,7,7,5,2,1,5,5,7,7,17,40,36,34,41,,"2019-02-05 20:46:42.000000"
33,0,M,en,3,4,5,6,5,4,3,7,5,4,5,3,4,3,5,3,2,3,6,7,1,2,3,4,2,3,6,4,3,7,3,7,2,6,6,5,6,2,5,6,41,29,38,38,40,,"2019-02-05 20:51:52.000000"
34,30,F,en,7,0,8,0,8,4,0,0,0,0,0,7,7,3,0,3,3,0,9,3,3,4,5,4,5,5,5,0,3,0,6,5,0,0,7,0,0,0,5,5,32,24,20,22,28,,"2019-02-05 20:53:11.000000"
35,30,M,pt,6,5,5,2,7,5,7,4,5,1,9,5,8,5,5,6,7,2,2,3,7,7,9,3,8,7,4,2,5,1,5,1,1,7,8,7,5,7,6,3,46,47,60,45,52,,"2019-02-05 20:55:25.000000"
36,49,M,pt,6,7,8,1,0,7,3,2,4,0,5,8,8,0,4,5,6,1,1,9,7,8,9,1,7,4,3,2,4,2,4,1,1,1,3,6,1,7,5,8,44,61,66,49,39,,"2019-02-05 20:58:50.000000"
37,0,M,pt,6,8,8,1,9,9,6,2,2,0,5,7,5,3,1,6,6,1,4,8,5,7,7,5,0,3,1,1,9,0,5,1,4,1,9,5,1,6,5,9,38,59,58,52,36,,"2019-02-05 21:00:06.000000"
38,0,M,pt,5,4,8,2,5,8,2,4,3,5,2,7,6,2,2,4,6,4,5,2,3,6,5,6,7,5,5,3,6,5,5,2,5,3,6,2,1,5,5,2,30,53,48,46,34,,"2019-02-05 21:01:29.000000"
39,0,M,pt,8,6,6,5,6,8,7,6,5,5,4,7,5,6,5,4,6,3,2,7,7,7,7,4,6,2,4,4,5,4,4,3,5,3,3,7,5,7,8,9,48,47,47,42,47,,"2019-02-05 21:08:17.000000"
40,0,M,en,3,5,8,1,8,1,6,2,3,4,1,7,8,4,3,6,6,3,4,3,6,9,2,2,6,8,8,1,2,5,6,4,1,7,8,5,3,7,7,7,34,46,58,40,46,,"2019-02-05 21:09:28.000000"
41,0,M,en,3,5,8,1,8,1,6,2,3,4,1,7,8,4,3,6,6,3,4,3,6,9,2,2,6,8,8,1,2,5,6,4,1,7,8,5,3,7,7,7,34,46,58,40,46,,"2019-02-05 21:10:26.000000"
42,0,M,pt,3,5,8,1,8,1,6,2,3,4,1,7,8,4,3,6,6,3,4,3,6,9,2,2,6,8,8,1,2,5,6,4,1,7,8,5,3,7,7,7,34,46,58,40,46,,"2019-02-05 21:11:00.000000"
43,0,M,en,4,5,2,1,8,5,1,1,7,7,5,8,5,2,8,7,8,4,1,8,8,8,6,1,8,7,5,5,7,1,7,2,7,2,8,2,1,6,6,8,33,60,42,61,60,,"2019-02-05 21:28:02.000000"
44,0,M,pt,8,0,0,0,0,0,0,0,0,0,0,8,0,0,0,5,0,0,0,0,0,0,0,4,0,0,0,0,7,0,0,0,0,8,0,0,0,0,0,7,13,8,0,15,7,"Talkative,Kind,Bashful,Jealous,Mellow,Temperamental,Imaginative","2019-02-05 21:28:12.000000"
45,50,F,pt,7,5,9,2,7,5,3,3,3,6,2,8,6,1,2,2,3,2,5,9,5,4,6,1,8,5,1,4,4,1,3,3,3,8,6,6,1,7,2,8,45,52,56,48,53,,"2019-02-05 21:28:45.000000"
46,0,M,en,5,8,2,2,7,0,6,2,4,6,2,9,2,5,0,1,0,2,3,8,4,7,6,3,9,2,1,1,4,1,2,1,4,6,6,7,1,8,1,9,43,55,49,48,52,,"2019-02-05 21:34:02.000000"
47,22,M,pt,3,6,3,1,8,5,6,8,8,1,7,8,3,4,5,9,5,3,1,6,5,4,8,9,6,8,3,8,5,5,9,3,6,7,5,1,1,6,1,6,25,50,35,50,50,"Deep,Careless,Relaxed,Bold,Kind,Bashful,Practical,Jealous,Quiet,Sloppy,Shy,Temperamental","2019-03-31 14:56:38.000000"
48,52,F,pt,8,3,4,1,5,2,1,9,9,1,6,7,2,1,3,2,6,6,1,7,6,4,8,1,6,1,1,9,5,1,2,1,9,3,4,8,1,1,2,7,61,56,22,65,50,"Talkative,Careless,Relaxed,Kind,Creative,Practical,Sloppy,Disorganized,Extraverted,Imaginative","2019-03-31 14:59:42.000000"
49,25,M,pt,8,1,1,7,6,7,2,5,5,2,9,1,1,9,8,9,3,5,5,5,6,4,3,4,7,3,9,5,3,1,5,8,6,9,9,6,9,5,5,6,45,21,29,29,58,"Talkative,Envious,Withdrawn,Bold,Moody,Philosophical,Bashful,Intellectual,Distant,Cold,Temperamental,Complex,Rude","2019-03-31 15:02:44.000000"
50,23,F,pt,9,5,3,9,6,2,9,1,3,1,6,8,5,8,1,5,7,4,4,7,8,3,6,9,6,3,5,1,2,1,3,6,2,8,7,7,9,8,3,7,57,34,54,24,52,"Talkative,Envious,Harsh,Kind,Moody,Warm,Creative,Energetic,Jealous,Temperamental,Complex,Extraverted,Rude,Efficient,Imaginative","2019-03-31 15:05:19.000000"
51,49,F,pt,3,1,2,3,2,6,9,1,1,1,3,1,8,6,2,8,1,1,7,2,2,1,8,3,2,9,3,1,6,6,8,9,1,1,9,1,6,8,1,4,18,17,62,46,34,"Harsh,Systematic,Bashful,Touchy,Practical,Quiet,Shy,Cold,Complex,Efficient","2019-03-31 15:07:39.000000"
52,16,M,pt,5,1,1,7,1,1,2,6,5,6,1,2,2,2,1,5,6,6,4,3,9,1,5,1,1,8,1,9,1,6,8,3,9,4,6,3,8,4,9,1,36,36,22,39,21,"Envious,Energetic,Quiet,Sloppy,Shy,Disorganized,Rude,Fretful","2019-03-31 15:10:46.000000"
53,52,M,pt,9,8,3,1,5,6,9,1,8,1,7,3,1,6,4,6,6,1,2,8,9,6,9,7,6,6,5,1,6,1,6,6,4,6,3,8,4,8,1,9,49,39,54,51,53,"Talkative,Sympathetic,Harsh,Relaxed,Bold,Creative,Energetic,Cooperative,Practical,Extraverted,Efficient,Imaginative","2019-03-31 15:12:57.000000"
54,19,F,pt,1,1,7,1,6,9,5,9,8,1,1,7,5,5,6,9,5,4,4,8,6,6,5,5,5,8,4,8,9,1,9,2,8,2,2,3,1,1,4,9,16,47,29,56,54,"Orderly,Withdrawn,Careless,Relaxed,Kind,Bashful,Creative,Quiet,Sloppy,Mellow,Shy,Disorganized,Imaginative","2019-03-31 15:15:06.000000"
55,36,F,pt,4,3,1,8,9,1,9,5,8,3,5,8,2,2,2,2,6,3,2,1,9,8,2,5,6,7,8,6,3,3,8,8,6,6,3,3,5,9,2,1,43,35,34,46,36,"Envious,Deep,Harsh,Relaxed,Kind,Energetic,Cooperative,Quiet,Distant,Shy,Cold,Efficient","2019-03-31 15:42:38.000000"
56,24,F,pt,1,9,2,2,2,5,9,3,3,8,7,1,2,5,2,7,3,7,5,8,1,1,3,5,6,2,3,6,8,1,1,4,4,3,3,2,2,3,5,1,36,36,30,46,33,"Sympathetic,Harsh,Average,Bold,Bashful,Inefficient,Creative,Intellectual,Mellow","2019-03-31 15:43:27.000000"
57,24,F,pt,1,3,2,5,7,9,5,6,1,2,5,9,8,6,7,1,9,2,6,3,9,6,7,3,2,7,9,3,4,1,3,2,2,3,3,1,6,4,3,2,36,45,48,39,41,"Deep,Withdrawn,Kind,Systematic,Philosophical,Warm,Energetic,Practical,Quiet,Distant","2019-03-31 15:44:34.000000"
58,29,F,pt,6,7,3,4,8,1,1,5,8,3,4,1,8,7,2,8,2,1,1,3,1,6,5,3,5,3,7,5,3,4,8,3,4,2,4,3,8,4,9,6,34,37,45,45,41,"Sympathetic,Deep,Relaxed,Systematic,Moody,Bashful,Distant,Shy,Rude,Fretful","2019-03-31 15:45:54.000000"
59,32,F,pt,1,4,4,1,4,5,4,4,2,1,8,3,4,5,3,8,1,9,5,6,3,3,4,5,8,3,3,9,4,6,6,8,2,7,9,2,1,3,8,3,32,35,31,35,46,"Bold,Bashful,Inefficient,Intellectual,Sloppy,Cold,Temperamental,Complex,Extraverted","2019-03-31 15:46:56.000000"
60,56,M,pt,2,3,4,2,4,3,3,5,2,2,8,3,2,7,6,4,3,5,5,6,3,1,9,3,9,1,5,4,5,4,4,1,1,8,3,4,9,9,3,9,45,32,49,39,51,"Bold,Creative,Practical,Intellectual,Temperamental,Rude,Efficient,Imaginative","2019-03-31 15:48:32.000000"
61,37,M,pt,4,6,9,8,3,2,2,8,1,2,2,8,2,5,7,5,6,1,3,4,6,8,4,5,8,2,2,8,3,4,3,3,2,2,1,1,4,3,2,9,41,57,39,39,46,"Orderly,Envious,Careless,Kind,Philosophical,Cooperative,Intellectual,Sloppy,Imaginative","2019-03-31 15:49:41.000000"
62,26,M,pt,1,4,3,3,8,3,6,1,2,9,3,9,5,4,1,8,2,9,6,4,4,2,3,2,6,5,9,4,2,1,1,1,2,6,2,4,9,1,5,1,35,32,36,38,32,"Deep,Average,Kind,Bashful,Inefficient,Intellectual,Distant,Rude","2019-04-21 16:44:04.000000"
63,24,M,pt,2,1,6,3,9,5,5,9,2,7,4,2,4,7,1,1,5,6,1,1,5,7,8,3,3,9,9,4,5,1,3,1,1,5,2,1,2,3,6,6,34,38,41,42,34,"Careless,Average,Cooperative,Practical,Quiet,Imaginative","2019-04-21 16:45:23.000000"
64,35,M,pt,7,1,9,7,8,9,1,5,8,4,7,5,1,8,8,1,4,5,4,2,2,6,9,6,9,6,1,9,6,4,3,8,5,7,8,3,4,1,6,1,40,42,36,36,48,"Talkative,Withdrawn,Bold","2019-04-21 16:46:03.000000"
65,28,M,pt,5,7,5,2,2,8,6,2,2,3,7,9,8,2,5,1,7,4,6,6,3,5,7,4,9,2,7,1,6,4,8,2,4,1,7,1,6,5,1,7,37,47,54,52,49,"Sympathetic,Withdrawn,Bold,Kind,Systematic,Warm,Intellectual,Shy,Imaginative","2019-04-21 16:47:18.000000"
66,32,F,pt,2,3,1,5,2,6,4,5,7,3,1,6,9,5,4,2,1,4,3,4,1,1,5,8,6,5,1,5,2,1,6,7,2,7,1,6,4,1,6,8,31,35,40,35,41,"Relaxed,Systematic,Jealous,Cold,Disorganized,Temperamental,Imaginative","2019-04-21 16:51:31.000000"
67,36,M,pt,4,8,3,3,6,9,4,7,9,6,1,6,5,5,3,1,1,3,4,4,5,8,1,2,3,1,4,4,1,6,3,2,7,2,8,2,1,2,2,5,38,52,30,52,37,"Sympathetic,Withdrawn,Careless,Relaxed,Cooperative,Disorganized,Complex","2019-04-21 16:52:36.000000"
68,24,F,pt,7,2,1,1,9,7,5,6,3,1,1,7,8,5,9,1,3,2,7,8,5,5,2,7,8,3,5,1,2,4,5,1,6,3,6,3,1,8,4,2,40,45,44,38,57,"Talkative,Deep,Withdrawn,Kind,Systematic,Philosophical,Touchy,Creative,Intellectual,Efficient","2019-04-21 16:53:58.000000"
69,26,M,pt,2,5,9,6,5,1,1,9,3,3,7,8,3,4,3,4,5,7,1,6,7,8,6,7,6,9,1,3,4,5,1,4,7,1,4,7,5,2,3,1,48,55,34,45,37,"Orderly,Careless,Bold,Kind,Energetic,Cooperative,Quiet,Mellow,Disorganized,Extraverted","2019-04-21 16:54:47.000000"
70,35,M,pt,9,9,3,7,3,9,7,1,7,6,1,5,7,3,6,3,5,5,9,5,6,6,8,5,8,1,7,6,1,3,2,2,4,7,3,8,1,3,3,6,49,48,45,34,42,"Talkative,Sympathetic,Withdrawn,Relaxed,Touchy,Practical,Intellectual,Distant,Extraverted","2019-04-21 16:55:34.000000"
71,38,M,pt,8,7,1,6,4,1,4,7,1,4,7,2,1,2,2,1,3,1,8,4,1,8,8,1,8,7,1,5,5,1,3,9,7,3,8,2,8,1,6,6,46,38,31,40,47,"Talkative,Careless,Bold,Touchy,Practical,Intellectual,Quiet,Cold,Complex,Rude","2019-04-21 16:57:13.000000"
72,38,F,pt,9,8,3,1,5,3,4,7,7,7,6,1,2,7,4,5,8,1,2,1,4,8,5,4,7,2,8,7,7,5,3,3,1,2,1,6,1,1,8,8,52,49,35,50,34,"Talkative,Sympathetic,Deep,Careless,Relaxed,Average,Warm,Cooperative,Intellectual,Sloppy,Mellow,Fretful","2019-04-21 16:58:41.000000"
73,31,M,pt,1,9,5,5,6,5,4,6,6,6,8,6,4,2,1,9,5,9,5,6,6,6,6,3,6,4,7,6,5,4,3,6,1,2,4,4,9,3,9,3,38,40,36,45,36,"Sympathetic,Deep,Relaxed,Bold,Bashful,Inefficient,Creative,Rude,Fretful","2019-04-21 16:59:44.000000"
74,32,M,pt,7,7,9,1,1,6,3,2,6,1,7,7,7,3,5,2,1,6,1,2,3,7,7,4,4,1,3,1,3,9,7,2,3,2,8,5,3,6,1,4,46,51,57,57,34,,"2019-04-21 16:59:54.000000"
75,57,M,pt,1,3,3,5,7,8,9,2,9,9,9,6,3,6,1,8,5,2,1,9,9,7,1,6,5,8,2,4,2,8,1,4,8,8,5,1,1,8,2,8,35,45,39,43,38,"Deep,Withdrawn,Harsh,Bold,Bashful,Creative,Energetic,Cooperative,Quiet,Ordinary,Disorganized,Temperamental","2019-04-21 17:01:08.000000"
76,34,M,pt,3,1,5,6,7,1,9,5,6,1,1,2,4,8,7,6,7,7,4,8,4,3,5,1,1,5,1,1,3,7,5,2,3,2,5,8,2,3,7,7,39,39,41,41,47,"Harsh,Moody,Philosophical,Bashful,Inefficient,Creative,Extraverted,Fretful,Imaginative","2019-04-21 17:01:54.000000"
77,39,M,pt,2,8,8,1,7,1,4,2,6,1,5,7,5,9,1,5,3,3,1,7,1,5,2,3,3,9,1,1,4,1,6,1,1,9,1,5,1,1,9,1,32,56,49,38,38,"Sympathetic,Orderly,Deep,Kind,Systematic,Moody,Creative,Quiet,Temperamental","2019-04-21 17:02:34.000000"
78,24,F,pt,5,7,1,2,1,8,1,1,2,9,1,1,1,3,4,7,1,8,2,7,2,7,2,1,4,3,7,1,1,3,1,1,9,6,8,1,4,1,2,9,30,43,26,47,41,"Sympathetic,Withdrawn,Average,Bashful,Inefficient,Cooperative,Distant,Ordinary,Disorganized,Complex,Imaginative","2019-04-21 17:03:20.000000"
79,30,M,pt,9,5,7,1,1,9,3,7,1,2,4,5,5,5,1,5,9,1,4,9,9,1,7,5,4,3,4,9,7,8,7,6,8,8,3,6,7,1,7,1,44,40,35,38,29,"Talkative,Orderly,Withdrawn,Kind,Warm,Creative,Energetic,Practical,Sloppy,Mellow,Ordinary,Shy,Disorganized,Temperamental,Extraverted","2019-04-21 21:03:51.000000"
80,22,M,pt,3,4,7,3,3,7,5,8,3,8,1,9,1,6,8,3,2,2,4,2,2,8,9,5,2,8,8,4,1,2,7,1,1,7,6,1,8,2,1,1,22,41,44,38,32,"Withdrawn,Careless,Average,Kind,Philosophical,Cooperative,Practical,Quiet,Shy,Temperamental","2019-04-21 21:04:55.000000"
81,32,M,pt,4,9,4,3,6,9,6,4,9,8,9,1,9,3,4,8,8,3,8,1,2,3,5,4,8,7,4,6,1,4,5,1,2,1,7,2,8,1,4,6,28,42,44,47,40,"Sympathetic,Withdrawn,Relaxed,Average,Bold,Systematic,Bashful,Warm,Touchy,Intellectual,Quiet,Rude","2019-04-21 21:05:31.000000"
82,33,M,pt,3,6,7,4,1,3,1,8,8,7,7,1,5,9,3,7,2,3,3,5,4,2,8,2,1,8,9,5,4,2,6,1,8,7,4,1,1,6,8,9,31,39,42,39,34,"Orderly,Careless,Relaxed,Average,Bashful,Practical,Quiet,Distant,Disorganized,Temperamental,Imaginative","2019-04-21 21:06:17.000000"
83,31,F,pt,4,1,1,1,3,4,8,8,1,8,2,7,7,9,1,6,4,5,4,1,5,3,6,9,3,7,5,4,9,4,3,1,5,4,3,3,2,5,2,4,34,39,37,41,23,"Harsh,Careless,Average,Kind,Systematic,Moody,Bashful,Jealous,Quiet,Mellow","2019-04-21 21:07:03.000000"
84,28,M,pt,2,9,8,5,9,1,2,2,6,6,5,1,6,4,3,9,1,8,1,8,3,3,9,3,1,1,6,1,7,9,7,5,1,4,1,5,6,4,5,1,37,35,55,51,28,"Sympathetic,Orderly,Deep,Bashful,Inefficient,Creative,Practical,Mellow,Ordinary,Shy","2019-04-21 22:32:37.000000"
85,29,M,pt,8,5,1,2,3,1,1,8,8,3,5,8,3,4,8,3,1,6,4,5,2,6,1,5,7,2,2,9,8,1,5,3,3,3,5,1,3,4,2,9,45,51,23,56,53,"Talkative,Careless,Relaxed,Kind,Philosophical,Inefficient,Intellectual,Sloppy,Mellow,Imaginative","2019-04-21 22:33:39.000000"
86,38,F,pt,3,4,1,8,6,4,3,7,4,1,6,7,2,6,6,9,1,2,6,5,2,1,3,8,2,6,8,5,8,5,2,2,5,1,1,3,2,1,1,5,33,38,28,42,39,"Envious,Deep,Careless,Bold,Kind,Philosophical,Bashful,Jealous,Quiet,Distant,Mellow","2019-04-21 22:34:25.000000"
87,25,M,pt,7,2,3,5,6,2,2,1,2,8,9,3,7,3,5,9,1,2,5,8,8,1,4,7,4,2,2,1,7,3,7,4,9,5,1,1,2,3,3,9,45,37,44,41,42,"Talkative,Deep,Average,Bold,Systematic,Bashful,Creative,Energetic,Jealous,Mellow,Shy,Disorganized","2019-04-21 22:35:32.000000"
88,37,M,pt,3,8,8,6,6,9,4,3,2,7,2,6,9,2,7,7,6,4,7,2,1,2,1,8,6,2,1,2,5,2,6,1,1,2,2,2,4,9,5,5,24,52,57,37,39,"Sympathetic,Orderly,Deep,Withdrawn,Average,Kind,Systematic,Philosophical,Bashful,Touchy,Jealous,Shy,Efficient","2019-04-21 22:36:16.000000"
89,31,F,pt,3,1,9,5,2,8,3,9,9,9,2,2,7,1,2,1,8,2,6,8,1,9,1,2,1,3,4,1,5,5,1,4,2,6,1,1,2,6,3,1,34,47,49,51,21,"Orderly,Withdrawn,Careless,Relaxed,Average,Systematic,Warm,Creative,Cooperative","2019-04-22 21:57:16.000000"
90,33,M,pt,6,9,8,9,6,9,4,2,3,2,7,2,5,6,9,1,9,9,8,2,5,2,4,2,7,6,4,8,7,8,1,2,9,4,3,4,4,3,2,8,45,48,32,39,45,"Sympathetic,Orderly,Envious,Withdrawn,Bold,Philosophical,Warm,Inefficient,Touchy,Sloppy,Mellow,Ordinary,Disorganized,Imaginative","2019-04-22 21:58:29.000000"
91,64,M,pt,8,1,2,3,1,8,3,2,1,1,9,5,3,2,7,1,5,9,2,6,1,9,5,5,3,5,5,9,3,1,2,2,8,1,6,9,6,2,3,6,51,44,24,48,47,"Talkative,Withdrawn,Bold,Philosophical,Inefficient,Creative,Cooperative,Sloppy,Disorganized,Extraverted","2019-04-22 21:59:26.000000"
92,17,M,pt,8,1,5,4,9,1,1,3,3,3,4,8,8,6,6,3,9,2,5,2,8,6,3,4,1,2,2,1,4,1,2,1,2,3,8,1,1,1,5,9,53,59,49,40,51,"Talkative,Deep,Kind,Systematic,Moody,Philosophical,Warm,Energetic,Cooperative,Complex,Imaginative","2019-04-22 22:00:31.000000"
93,17,F,pt,1,8,3,7,6,6,5,8,6,4,3,7,6,7,1,7,1,4,9,9,5,5,5,9,4,6,7,7,5,4,9,3,2,5,9,1,1,1,2,8,22,45,34,32,49,"Sympathetic,Envious,Careless,Kind,Moody,Bashful,Touchy,Creative,Jealous,Sloppy,Shy,Complex,Imaginative","2019-04-22 22:01:50.000000"
94,43,M,pt,3,4,8,1,1,6,3,3,6,1,1,7,6,1,3,2,1,4,4,8,9,5,7,2,9,4,2,4,2,7,2,1,5,3,3,9,1,4,1,1,48,50,49,56,37,"Orderly,Kind,Creative,Energetic,Practical,Intellectual,Ordinary,Extraverted","2019-04-22 22:02:51.000000"
95,23,F,pt,4,1,8,2,4,5,7,3,4,7,7,9,8,5,2,2,2,1,1,9,3,2,8,2,3,1,7,2,6,6,5,3,8,4,3,1,4,2,1,1,42,33,52,55,29,"Orderly,Average,Bold,Kind,Creative,Practical,Distant,Mellow,Shy,Disorganized","2019-04-22 22:04:37.000000"
96,22,M,pt,6,5,9,1,6,5,6,2,1,8,1,1,1,2,4,3,1,5,3,6,2,1,3,2,1,3,9,7,3,3,2,6,1,3,2,6,6,3,1,1,42,21,41,52,29,"Orderly,Deep,Average,Distant,Sloppy,Cold,Rude","2019-04-22 22:05:55.000000"
97,24,M,pt,2,2,6,8,8,1,2,8,1,6,7,4,4,1,3,9,2,9,6,7,1,9,7,4,1,1,2,3,6,1,7,5,1,3,6,3,3,6,2,1,35,45,42,43,39,"Envious,Deep,Careless,Bold,Bashful,Inefficient,Creative,Cooperative,Practical,Mellow,Complex","2019-04-22 22:06:50.000000"
98,35,F,pt,1,9,7,1,2,3,4,1,2,3,8,8,2,4,8,2,8,4,9,8,8,5,9,1,2,9,2,4,7,2,9,1,4,6,7,5,3,5,5,6,39,60,50,43,48,"Sympathetic,Bold,Philosophical,Warm,Touchy,Creative,Energetic,Practical,Quiet,Shy,Temperamental","2019-04-22 22:09:15.000000"
99,17,M,pt,1,1,1,2,5,9,2,1,4,2,7,4,2,1,7,5,5,3,5,3,9,1,1,1,4,3,1,9,2,3,5,2,7,1,8,5,2,7,8,8,40,44,31,48,50,"Withdrawn,Bold,Philosophical,Energetic,Sloppy,Disorganized,Complex,Efficient,Fretful,Imaginative","2019-04-22 22:25:22.000000"
100,0,M,pt,5,8,8,6,8,4,8,2,3,5,7,9,9,5,8,7,9,1,6,7,8,8,8,4,8,5,2,1,3,2,7,2,2,6,8,5,4,6,6,8,42,58,65,33,60,,"2019-04-23 14:36:21.000000"
101,0,M,pt,5,8,8,6,8,4,8,2,3,5,7,9,9,5,8,7,9,1,6,7,8,8,8,4,8,5,2,1,3,2,7,2,2,6,8,5,4,6,6,8,42,58,65,33,60,"Kind,Systematic,Warm,Energetic,Practical,Intellectual,Efficient","2019-04-23 14:37:02.000000"
102,27,M,pt,7,9,9,4,4,3,2,4,2,1,8,8,3,3,1,5,2,5,1,3,5,3,5,9,7,6,1,9,5,3,2,2,4,5,6,2,2,3,9,7,46,55,38,36,44,"Talkative,Sympathetic,Orderly,Bold,Kind,Jealous,Intellectual,Sloppy,Fretful,Imaginative","2019-04-26 11:51:31.000000"
103,24,M,pt,8,6,6,2,6,7,5,6,3,5,5,7,5,2,3,7,2,6,3,6,5,8,4,2,5,4,2,5,3,5,7,2,6,3,3,6,5,5,8,8,39,49,37,46,41,,"2019-05-14 09:38:44.000000"
104,32,M,pt,1,8,9,8,2,6,3,1,3,2,1,5,3,8,9,5,3,2,1,8,1,4,1,6,1,1,7,1,2,1,7,3,9,1,3,4,1,9,2,7,28,46,49,39,47,"Sympathetic,Orderly,Envious,Moody,Philosophical,Creative,Distant,Shy,Disorganized,Imaginative","2019-05-20 19:04:41.000000"
105,30,M,pt,9,6,3,8,1,7,9,7,5,1,5,5,4,2,8,9,8,8,4,8,4,3,1,5,4,2,2,1,7,3,9,1,9,5,2,5,3,2,2,8,36,47,25,46,47,"Talkative,Envious,Withdrawn,Harsh,Careless,Philosophical,Bashful,Warm,Inefficient,Creative,Mellow,Shy,Disorganized,Imaginative","2019-05-20 19:07:14.000000"
106,29,F,pt,3,1,1,2,9,9,1,8,4,3,1,7,4,4,2,1,5,1,9,8,1,8,3,7,7,7,2,2,1,6,2,8,5,3,4,4,4,1,1,6,30,46,33,39,47,"Deep,Withdrawn,Careless,Touchy,Creative,Cooperative,Intellectual,Quiet,Cold","2019-05-20 19:08:18.000000"
107,24,M,pt,6,3,5,6,7,1,4,7,3,6,3,1,9,9,3,1,5,1,2,1,2,9,2,5,1,2,3,8,4,4,1,5,0,1,3,5,2,6,9,8,51,44,36,35,33,"Talkative,Deep,Careless,Systematic,Moody,Cooperative,Sloppy,Efficient,Fretful,Imaginative","2019-05-20 19:10:21.000000"
108,37,F,pt,8,9,5,1,1,1,6,3,9,7,7,7,2,3,7,9,5,4,1,4,1,9,4,3,2,2,1,2,5,3,8,1,3,4,5,1,1,8,4,1,37,61,47,58,30,"Talkative,Sympathetic,Relaxed,Average,Bold,Kind,Philosophical,Bashful,Cooperative,Shy,Efficient","2019-05-20 19:12:02.000000"
109,39,M,pt,2,6,2,1,3,7,7,1,6,4,3,3,7,6,8,5,3,1,1,1,3,8,1,3,9,1,9,1,3,6,1,2,7,8,5,9,6,9,1,4,43,36,49,49,40,"Withdrawn,Harsh,Systematic,Philosophical,Cooperative,Intellectual,Distant,Disorganized,Temperamental,Extraverted,Rude,Efficient","2019-05-20 19:13:59.000000"
110,36,M,pt,3,8,2,2,2,7,8,1,3,6,8,3,1,7,4,2,3,7,5,5,1,5,1,3,2,8,9,3,2,8,9,1,7,7,4,4,3,2,5,9,30,38,28,36,32,"Sympathetic,Withdrawn,Harsh,Average,Bold,Inefficient,Quiet,Distant,Ordinary,Shy,Disorganized,Temperamental","2019-05-20 19:15:56.000000"
111,19,M,pt,8,2,3,6,3,9,4,8,8,6,6,8,4,5,2,2,4,1,4,3,8,5,2,1,7,1,3,2,8,5,7,6,1,2,6,3,1,7,6,3,46,45,44,52,33,"Talkative,Withdrawn,Careless,Relaxed,Kind,Energetic,Intellectual,Mellow,Shy,Efficient","2019-05-20 19:18:24.000000"
112,24,M,pt,1,9,1,5,6,1,7,6,6,8,6,1,6,8,7,1,2,1,2,8,4,4,9,6,5,7,7,3,8,6,8,9,2,1,7,4,1,4,1,7,38,32,48,51,46,"Harsh,Average,Moody,Philosophical,Creative,Practical,Quiet,Distant,Mellow,Ordinary,Shy,Cold,Complex,Imaginative","2019-05-20 19:21:03.000000"
113,26,F,pt,2,9,1,4,1,9,4,7,7,1,6,3,1,6,9,3,4,1,3,8,8,9,9,1,7,8,3,8,7,2,3,8,4,9,4,8,9,5,3,2,41,41,36,48,48,"Sympathetic,Withdrawn,Careless,Relaxed,Philosophical,Touchy,Creative,Energetic,Cooperative,Practical,Intellectual,Quiet,Sloppy,Cold,Temperamental,Extraverted,Rude","2019-05-20 19:22:11.000000"
114,37,M,pt,9,1,8,2,9,1,7,3,7,3,4,5,6,4,6,1,8,3,1,2,5,4,3,3,1,2,3,3,1,2,3,5,1,8,9,1,4,1,4,1,52,39,48,46,43,"Talkative,Orderly,Deep,Harsh,Relaxed,Warm,Temperamental,Complex","2019-05-20 19:23:00.000000"
115,17,F,pt,5,5,7,2,3,6,1,9,8,2,7,9,5,3,8,5,2,5,1,3,3,5,1,1,1,2,4,7,1,1,1,2,3,6,4,1,1,5,3,4,42,53,34,53,40,"Withdrawn,Careless,Relaxed,Bold,Kind,Philosophical,Sloppy,Temperamental","2019-05-20 19:23:47.000000"
116,63,M,pt,4,1,9,1,4,1,8,2,9,6,1,5,8,2,1,2,6,5,6,7,4,5,6,8,2,6,3,3,9,6,3,4,2,1,1,8,3,9,7,9,45,39,60,53,32,"Orderly,Harsh,Relaxed,Systematic,Creative,Jealous,Mellow,Extraverted,Efficient,Fretful,Imaginative","2019-05-20 19:25:43.000000"
117,38,M,pt,4,1,1,3,9,5,3,9,7,8,4,9,3,4,5,5,1,1,2,8,7,5,4,5,3,1,3,7,3,6,1,8,1,4,9,7,8,9,1,6,50,34,39,51,46,"Deep,Careless,Relaxed,Average,Kind,Creative,Energetic,Sloppy,Cold,Complex,Extraverted,Rude,Efficient,Imaginative","2019-05-20 19:27:01.000000"
118,27,F,pt,3,3,3,9,1,8,5,2,1,2,1,8,4,3,1,6,1,7,2,5,3,1,6,9,1,1,8,8,8,9,2,4,4,2,1,2,3,5,4,9,32,33,37,40,27,"Envious,Withdrawn,Kind,Bashful,Inefficient,Jealous,Distant,Sloppy,Mellow,Ordinary,Imaginative","2019-05-20 19:28:21.000000"
119,28,F,pt,2,6,4,3,1,1,8,1,4,2,1,8,1,5,1,1,4,4,1,1,3,8,4,8,7,1,1,9,2,1,9,1,5,8,3,4,1,1,5,1,38,55,31,36,31,"Harsh,Kind,Cooperative,Jealous,Intellectual,Sloppy,Shy,Temperamental","2019-05-20 19:31:17.000000"
120,37,M,pt,4,9,8,7,7,6,1,4,5,2,8,6,6,6,9,8,4,3,8,3,9,5,6,7,2,9,2,1,6,4,5,1,4,1,5,5,3,6,1,6,38,57,54,41,46,"Sympathetic,Orderly,Envious,Deep,Bold,Systematic,Philosophical,Bashful,Energetic,Jealous,Quiet,Efficient,Imaginative","2019-05-20 19:34:21.000000"
121,31,M,pt,3,2,3,7,3,8,9,9,1,4,2,6,9,1,2,6,6,8,3,8,2,7,4,9,1,7,8,6,9,2,3,5,1,7,8,9,4,5,2,6,32,35,37,41,42,"Envious,Withdrawn,Harsh,Careless,Systematic,Bashful,Inefficient,Creative,Cooperative,Jealous,Quiet,Distant,Mellow,Complex,Extraverted,Imaginative","2019-05-20 19:35:30.000000"
122,23,M,pt,1,7,5,9,3,6,5,9,8,4,7,6,4,5,1,8,6,2,3,1,6,3,1,8,7,9,3,6,1,1,5,5,5,2,1,2,1,5,1,3,28,48,33,41,31,"Sympathetic,Envious,Withdrawn,Careless,Relaxed,Bold,Kind,Bashful,Jealous,Intellectual,Quiet,Sloppy","2019-05-20 19:36:46.000000"
123,23,F,pt,5,1,8,6,5,6,5,1,1,3,5,2,3,9,1,2,7,3,1,9,1,4,4,9,9,7,1,1,3,3,1,4,8,1,6,4,7,3,9,4,39,37,45,29,48,"Orderly,Envious,Withdrawn,Moody,Warm,Creative,Jealous,Intellectual,Quiet,Disorganized,Complex,Rude,Fretful","2019-05-20 19:37:37.000000"
124,38,M,pt,1,2,1,1,6,9,9,5,1,2,8,9,2,8,9,3,5,8,2,6,4,6,1,9,7,1,7,4,8,4,1,4,9,5,9,5,3,5,5,6,44,39,23,39,57,"Withdrawn,Harsh,Bold,Kind,Moody,Philosophical,Inefficient,Jealous,Intellectual,Distant,Mellow,Disorganized,Complex,Imaginative","2019-05-20 19:48:07.000000"
125,37,F,pt,6,7,4,9,1,9,1,1,7,3,6,4,6,9,7,7,8,2,5,9,7,4,2,5,1,9,4,2,1,4,4,2,1,5,5,1,6,8,4,7,31,50,54,31,43,"Sympathetic,Envious,Withdrawn,Relaxed,Systematic,Moody,Philosophical,Bashful,Warm,Creative,Energetic,Quiet,Efficient,Imaginative","2019-05-20 19:49:07.000000"
126,22,F,pt,4,1,2,2,8,5,1,7,1,4,1,2,6,3,1,5,3,1,1,8,2,8,6,4,7,7,1,5,4,2,9,1,8,7,3,4,4,1,1,7,25,47,34,47,48,"Deep,Careless,Creative,Cooperative,Intellectual,Quiet,Shy,Disorganized,Temperamental,Imaginative","2019-05-20 19:50:12.000000"
127,19,M,pt,6,1,5,3,9,7,1,1,9,1,1,4,6,9,7,3,7,3,3,6,8,7,7,2,4,3,5,5,1,5,6,3,4,4,3,3,3,7,8,1,39,47,52,41,44,"Deep,Withdrawn,Relaxed,Moody,Philosophical,Warm,Creative,Energetic,Cooperative,Practical,Efficient,Fretful","2019-05-20 19:51:17.000000"
128,28,M,pt,8,1,5,9,8,1,7,4,4,2,1,2,9,2,3,4,4,9,9,1,9,9,7,1,8,5,4,4,4,9,2,1,3,2,5,1,5,1,5,1,47,39,42,40,35,"Talkative,Envious,Deep,Harsh,Systematic,Inefficient,Touchy,Energetic,Cooperative,Practical,Intellectual,Ordinary","2019-05-20 19:52:17.000000"
129,27,M,pt,9,2,2,1,8,1,3,9,2,4,5,8,1,9,4,4,9,4,8,7,3,1,3,4,1,5,9,6,1,4,1,5,2,1,3,8,1,2,9,8,54,42,27,31,43,"Talkative,Deep,Careless,Kind,Moody,Touchy,Creative,Distant,Extraverted,Fretful,Imaginative","2019-05-20 19:52:51.000000"
130,39,M,pt,4,2,5,8,2,8,3,6,4,1,4,8,1,5,8,8,7,7,4,1,7,1,6,7,8,6,3,1,1,3,6,3,9,4,9,3,0,4,9,7,30,39,33,28,51,"Envious,Withdrawn,Kind,Philosophical,Bashful,Warm,Inefficient,Energetic,Jealous,Intellectual,Disorganized,Complex,Fretful,Imaginative","2019-05-20 19:54:30.000000"
131,17,M,pt,4,1,7,2,7,1,4,4,2,4,6,9,1,6,5,3,2,2,3,3,7,1,1,4,7,2,8,1,7,3,7,1,9,3,9,1,4,8,2,9,45,36,41,49,53,"Orderly,Deep,Bold,Kind,Energetic,Intellectual,Distant,Mellow,Shy,Disorganized,Complex,Efficient,Imaginative","2019-05-20 19:55:41.000000"
132,23,F,pt,4,1,9,1,5,1,3,7,7,4,6,1,1,2,6,9,9,1,4,9,6,1,3,1,3,5,3,1,4,5,9,4,3,5,1,3,4,8,5,8,35,38,49,53,43,"Orderly,Careless,Relaxed,Bashful,Warm,Creative,Shy,Efficient,Imaginative","2019-05-20 19:56:56.000000"
133,23,F,pt,7,5,6,8,6,6,8,5,8,1,6,1,1,2,1,8,5,8,1,9,9,6,1,8,4,1,7,6,1,1,7,3,3,1,1,3,6,1,4,9,43,33,27,45,48,"Envious,Harsh,Relaxed,Bashful,Inefficient,Creative,Energetic,Jealous,Distant,Shy,Imaginative","2019-05-20 19:57:47.000000"
134,26,M,pt,6,1,9,8,1,9,9,2,4,2,7,4,7,9,7,1,5,3,9,6,4,2,9,9,8,5,9,2,2,4,7,1,4,1,1,2,2,7,6,9,37,31,61,24,46,"Orderly,Envious,Withdrawn,Harsh,Bold,Systematic,Moody,Philosophical,Touchy,Creative,Practical,Jealous,Intellectual,Distant,Shy,Efficient,Imaginative","2019-05-22 20:50:17.000000"
135,38,F,pt,7,3,1,8,1,2,2,2,5,9,7,3,1,7,2,3,1,9,2,1,9,4,9,9,2,1,2,2,9,7,1,9,8,5,1,1,1,2,3,1,57,37,32,40,12,"Talkative,Envious,Average,Bold,Moody,Inefficient,Energetic,Practical,Jealous,Mellow,Ordinary,Cold,Disorganized","2019-05-22 20:51:26.000000"
136,27,M,pt,1,3,6,8,1,7,3,3,1,6,5,1,2,9,1,4,1,1,2,1,7,3,8,7,8,8,9,1,8,1,6,7,1,2,1,6,3,3,2,8,34,26,53,39,33,"Envious,Withdrawn,Moody,Energetic,Practical,Jealous,Intellectual,Quiet,Distant,Mellow,Cold,Imaginative","2019-05-22 20:52:32.000000"
137,20,M,pt,5,3,8,8,3,3,9,1,1,2,8,3,6,2,2,5,3,6,2,5,2,3,8,8,8,5,4,9,2,4,3,5,7,9,8,5,4,2,2,9,44,30,41,32,49,"Orderly,Envious,Harsh,Bold,Practical,Jealous,Intellectual,Sloppy,Disorganized,Temperamental,Complex,Imaginative","2019-05-22 20:53:27.000000"
138,39,M,pt,4,7,5,4,9,2,1,3,2,3,5,6,8,2,5,8,9,5,9,1,2,8,7,7,1,1,2,1,9,3,8,4,1,4,4,2,6,1,6,9,34,57,51,39,43,"Sympathetic,Deep,Kind,Systematic,Bashful,Warm,Touchy,Cooperative,Practical,Jealous,Mellow,Shy,Imaginative","2019-05-22 20:54:21.000000"
139,39,M,pt,2,3,8,6,4,7,9,8,5,4,3,4,9,4,6,2,8,2,3,7,5,1,3,2,9,8,1,2,9,2,6,4,8,1,9,3,5,2,3,6,30,37,42,55,55,"Orderly,Withdrawn,Harsh,Careless,Systematic,Warm,Creative,Intellectual,Quiet,Mellow,Shy,Disorganized,Complex","2019-05-22 20:55:12.000000"
140,17,F,pt,3,6,6,2,7,1,6,6,1,3,5,7,9,4,7,6,8,4,4,3,4,4,3,1,1,9,1,6,9,5,7,3,2,3,1,1,1,2,1,8,30,54,42,55,39,"Deep,Kind,Systematic,Philosophical,Warm,Quiet,Mellow,Shy,Imaginative","2019-05-22 20:56:54.000000"
141,36,F,pt,9,8,9,6,1,4,9,4,1,5,9,5,3,4,5,2,8,5,2,9,1,4,5,9,1,1,3,4,4,2,5,3,7,1,2,9,2,8,7,4,56,48,45,36,35,"Talkative,Sympathetic,Orderly,Envious,Harsh,Bold,Warm,Creative,Jealous,Disorganized,Extraverted,Efficient,Fretful","2019-05-22 20:57:58.000000"
142,21,F,pt,2,4,9,1,1,6,9,6,5,5,4,5,2,8,5,9,1,2,2,7,1,3,1,1,7,6,3,7,9,3,4,4,1,2,4,6,2,7,2,2,28,35,43,58,38,"Orderly,Harsh,Moody,Bashful,Creative,Intellectual,Sloppy,Mellow,Efficient","2019-05-22 20:59:10.000000"
143,21,F,pt,2,9,9,1,7,5,1,4,3,3,9,6,9,1,1,2,6,8,4,7,1,5,3,1,1,1,1,2,8,3,6,6,1,2,3,3,2,1,7,8,41,56,47,55,41,"Sympathetic,Orderly,Deep,Bold,Kind,Systematic,Warm,Inefficient,Creative,Mellow,Fretful,Imaginative","2019-05-22 21:00:54.000000"
144,22,F,pt,1,9,1,8,8,5,3,6,2,1,4,8,7,1,3,9,6,6,3,2,2,9,7,9,1,4,6,9,1,6,8,4,7,2,7,3,4,3,1,3,24,55,30,39,37,"Sympathetic,Envious,Deep,Kind,Systematic,Bashful,Cooperative,Practical,Jealous,Sloppy,Shy,Disorganized,Complex","2019-05-22 21:02:34.000000"
145,22,M,pt,2,9,8,1,7,7,5,8,8,4,1,1,1,2,9,2,3,8,1,4,4,2,9,2,8,5,1,8,4,3,7,1,5,9,1,4,4,3,5,8,30,44,32,52,50,"Sympathetic,Orderly,Deep,Withdrawn,Careless,Relaxed,Philosophical,Inefficient,Practical,Intellectual,Sloppy,Shy,Temperamental,Imaginative","2019-05-22 21:03:43.000000"
146,25,M,pt,4,8,7,7,9,9,5,9,6,2,9,8,9,4,3,3,7,2,6,6,8,6,5,8,9,6,4,4,7,2,1,1,3,3,7,4,3,1,6,9,46,56,44,39,59,"Sympathetic,Orderly,Envious,Deep,Withdrawn,Careless,Bold,Kind,Systematic,Warm,Energetic,Jealous,Intellectual,Mellow,Complex,Imaginative","2019-05-22 21:04:57.000000"
147,21,M,pt,1,3,1,3,4,8,6,1,3,4,5,7,5,2,1,8,7,1,1,3,5,6,6,5,7,9,2,1,2,1,9,2,1,6,2,3,1,6,6,2,20,52,54,42,34,"Withdrawn,Kind,Bashful,Jealous,Shy,Efficient","2019-06-28 14:52:58.000000"
148,0,M,en,2,2,6,6,7,6,3,8,7,6,3,2,6,7,7,0,3,5,5,2,0,3,2,6,7,6,6,1,3,6,6,6,1,2,3,1,5,3,3,1,18,30,42,41,35,,"2019-06-28 14:53:15.000000"
149,0,M,pt,1,1,0,0,0,1,1,0,0,0,1,1,0,0,0,1,1,0,0,0,1,0,0,0,0,1,0,0,0,0,1,0,0,0,0,1,0,0,0,0,40,12,0,0,0,Quiet,"2019-06-28 14:53:38.000000"
150,0,M,pt,4,7,0,5,8,3,2,5,9,5,6,7,8,2,7,2,6,1,2,5,6,9,8,2,6,6,8,6,9,4,7,1,1,1,7,5,0,8,1,9,43,48,51,65,53,,"2019-06-28 14:54:07.000000"
151,0,M,pt,5,5,8,1,8,8,5,6,8,5,8,7,8,1,7,5,6,4,1,1,5,8,8,1,8,7,5,2,8,5,5,2,1,1,7,2,2,7,2,5,35,52,58,69,46,,"2019-06-28 14:54:37.000000"
152,23,M,en,7,7,8,5,0,0,0,5,6,0,4,5,7,3,8,2,4,0,2,8,7,8,0,5,8,7,0,0,0,0,7,8,6,3,0,3,0,4,0,9,35,26,28,38,33,"Talkative,Sympathetic,Orderly,Envious,Careless,Relaxed,Bold,Kind,Systematic,Moody,Philosophical,Bashful,Warm,Touchy,Creative,Energetic,Cooperative,Jealous,Intellectual,Quiet,Shy,Cold,Disorganized,Temperamental,Extraverted,Efficient,Imaginative","2019-06-28 14:57:26.000000"
153,23,M,pt,6,7,7,0,5,8,4,1,7,0,7,6,8,0,0,4,6,2,0,8,7,7,7,0,7,4,3,1,7,0,4,3,1,0,5,6,3,7,3,8,46,53,64,21,33,"Sympathetic,Withdrawn,Systematic,Creative,Cooperative,Mellow,Efficient","2019-06-28 14:57:30.000000"
154,28,M,pt,7,8,7,2,6,7,1,5,5,7,8,8,6,1,5,4,8,1,2,8,8,8,8,4,7,5,2,2,5,2,3,1,4,7,7,7,2,7,6,8,51,66,56,48,52,,"2019-06-28 15:03:56.000000"
155,0,M,pt,5,8,5,2,6,3,3,5,5,3,7,9,7,7,2,5,7,3,5,5,7,9,7,7,8,5,1,7,6,4,3,2,7,8,8,7,2,7,4,7,50,65,44,38,49,,"2019-06-28 15:07:33.000000"
156,34,M,pt,6,6,5,4,7,7,7,7,7,8,7,8,6,6,8,7,8,7,6,6,8,8,6,5,7,6,6,7,7,7,5,6,7,7,8,7,6,6,6,6,43,45,35,40,47,,"2019-06-28 15:08:09.000000"
157,0,M,pt,3,6,7,5,8,8,5,5,7,2,7,5,4,7,8,6,3,1,4,6,9,6,8,6,8,6,9,7,9,1,8,9,6,5,7,7,4,8,5,8,38,33,48,44,62,,"2019-06-28 15:13:45.000000"
158,0,M,pt,2,7,0,4,5,8,1,2,2,5,7,8,7,3,4,3,5,1,5,5,5,7,7,1,6,8,0,1,6,6,5,1,3,4,6,1,2,8,3,9,31,53,55,48,44,"Kind,Quiet,Efficient,Imaginative","2019-06-28 15:15:00.000000"
159,0,M,pt,2,7,4,1,5,8,3,4,7,5,6,5,3,1,4,7,4,5,4,5,6,6,7,1,7,8,5,6,7,4,7,4,5,1,5,2,1,3,1,7,26,49,37,65,44,"Sympathetic,Withdrawn,Relaxed,Bashful,Inefficient,Cooperative,Practical,Quiet,Mellow","2019-06-28 15:19:05.000000"
160,0,M,en,5,7,6,3,5,3,4,2,2,1,9,8,6,1,6,2,8,2,3,8,7,7,7,3,8,5,5,4,6,3,4,3,5,4,4,7,2,7,0,8,54,56,53,44,55,Average,"2019-06-28 15:20:33.000000"
161,0,M,pt,0,6,8,4,0,0,0,4,6,0,0,9,5,0,0,5,0,0,0,0,0,5,0,5,0,0,0,0,7,0,5,0,0,0,0,0,0,0,0,0,10,20,19,24,0,"Sympathetic,Orderly,Relaxed,Kind,Systematic,Cooperative,Jealous,Mellow,Shy","2019-06-28 15:27:57.000000"
162,22,M,pt,5,6,4,5,4,4,5,4,8,3,8,6,6,3,7,2,7,3,3,7,7,8,6,7,7,5,4,4,6,2,3,2,6,5,7,7,2,6,6,7,53,54,45,45,54,,"2019-06-28 15:28:42.000000"
163,0,M,pt,5,7,8,2,8,9,7,2,3,0,8,9,8,5,7,6,8,1,1,6,5,8,9,6,8,6,6,1,8,2,3,5,1,1,6,3,5,8,8,0,37,49,68,48,43,,"2019-06-28 15:30:27.000000"
164,30,M,pt,5,7,8,2,8,9,7,2,3,0,8,9,8,5,7,6,8,1,1,6,5,8,9,6,8,6,6,1,8,2,3,5,1,1,6,3,5,8,8,7,37,49,68,48,50,,"2019-06-28 15:31:01.000000"
165,0,M,pt,6,6,7,3,9,9,3,1,3,5,8,8,8,1,8,5,8,1,3,0,9,7,8,8,8,2,8,0,8,2,2,5,0,8,2,8,2,8,9,9,53,51,49,39,49,Cooperative,"2019-06-28 15:31:13.000000"
166,0,M,pt,7,7,8,4,3,5,6,5,8,6,8,8,8,1,7,4,8,4,8,5,9,9,5,5,5,5,7,1,2,5,3,9,8,2,7,3,1,7,2,3,50,49,50,48,39,,"2019-06-28 15:32:35.000000"
167,0,M,pt,5,8,3,2,4,9,3,6,8,5,6,9,5,1,1,2,7,3,3,5,5,6,8,3,6,4,3,7,9,5,4,9,9,3,3,5,3,4,5,8,42,52,35,60,37,,"2019-06-28 15:56:04.000000"
168,0,M,pt,2,9,9,3,1,2,2,3,5,5,6,7,3,1,1,7,3,1,1,6,8,5,5,1,6,8,4,4,9,4,8,4,2,6,3,2,2,5,2,8,33,52,52,60,36,,"2019-06-28 16:01:10.000000"
169,23,M,en,3,7,0,0,0,0,0,4,7,5,0,9,5,7,6,0,8,2,0,4,4,6,7,3,9,9,3,9,0,0,6,4,4,0,3,0,0,6,0,5,12,43,39,17,32,"Relaxed,Average,Kind,Warm,Practical,Intellectual,Quiet,Sloppy,Shy","2019-06-28 16:01:46.000000"
170,20,M,pt,3,8,8,1,9,9,5,3,4,2,5,8,9,6,6,5,6,2,2,9,5,6,8,8,8,9,8,2,3,1,7,7,0,7,9,2,2,8,4,9,25,46,56,39,67,,"2019-06-28 16:09:18.000000"
171,0,M,en,9,7,6,9,9,5,5,3,5,2,7,8,8,8,9,5,5,4,7,7,6,7,6,6,9,6,8,5,5,2,5,5,3,3,9,6,2,6,5,7,47,47,51,32,66,,"2019-06-28 16:09:39.000000"
172,0,M,en,3,3,7,6,6,8,7,3,4,5,5,3,6,5,8,5,3,6,3,4,4,4,9,7,6,6,7,7,6,5,8,7,7,7,5,5,6,7,6,7,30,26,46,36,46,"Withdrawn,Harsh,Average,Systematic,Philosophical,Bashful,Practical,Jealous,Distant,Sloppy,Disorganized,Temperamental,Rude,Efficient","2019-06-28 16:15:57.000000"
173,20,M,pt,7,8,6,2,6,4,8,3,7,3,5,6,8,3,7,6,6,3,3,5,8,8,8,3,8,4,3,3,7,2,4,3,6,8,6,6,2,7,2,8,48,52,54,53,55,Deep,"2019-06-28 16:18:38.000000"
174,20,M,pt,7,8,6,2,6,4,8,3,7,3,5,6,8,3,7,6,6,3,3,5,8,8,8,3,8,4,3,3,7,2,4,3,6,8,6,6,2,7,2,8,48,52,54,53,55,Deep,"2019-06-28 16:19:04.000000"
175,20,M,pt,7,8,6,2,6,4,8,3,7,3,5,6,8,3,7,6,6,3,3,5,8,8,8,3,8,4,3,3,7,2,4,3,6,8,6,6,2,7,2,8,48,52,54,53,55,"Systematic,Energetic,Cooperative,Intellectual","2019-06-28 16:19:56.000000"
176,0,M,en,8,9,2,4,7,4,4,5,7,3,5,9,5,6,7,2,6,5,2,9,6,9,9,5,8,3,4,7,4,5,3,2,7,7,5,7,3,5,5,9,54,60,37,42,57,,"2019-06-28 16:23:22.000000"
177,0,M,pt,6,5,1,6,1,4,5,8,9,5,1,4,2,1,1,8,1,8,5,6,4,7,6,5,2,8,6,5,9,2,8,8,7,1,2,2,3,4,1,5,25,35,25,59,30,"Relaxed,Quiet,Distant,Mellow,Shy","2019-06-28 16:24:36.000000"
178,0,M,en,6,8,8,5,8,1,4,1,3,7,3,8,8,8,8,4,9,3,2,7,4,8,8,1,7,2,1,3,6,2,3,2,1,3,9,6,2,6,1,9,49,64,62,49,59,Talkative,"2019-06-28 16:25:56.000000"
179,20,M,pt,4,5,8,6,8,9,1,5,6,8,5,7,7,4,8,8,7,6,1,4,6,5,6,6,7,7,7,6,7,7,9,6,6,4,7,4,2,4,7,9,26,48,42,45,48,,"2019-06-28 16:32:38.000000"
180,49,M,pt,1,4,8,7,8,8,8,0,0,0,7,0,8,7,8,8,2,0,0,7,0,0,0,0,0,8,8,0,0,0,8,8,8,0,0,1,0,0,0,0,17,12,18,6,23,,"2019-06-28 16:36:29.000000"
181,21,M,pt,4,2,4,2,3,9,2,3,0,0,0,0,0,0,0,0,0,0,0,0,0,0,0,0,0,0,0,0,0,0,0,0,0,0,0,0,0,0,0,0,5,10,11,8,3,,"2019-06-28 16:55:33.000000"
182,21,M,pt,4,2,5,3,6,9,5,4,7,2,4,5,3,4,7,6,6,1,2,9,7,5,8,9,9,7,6,5,8,2,6,3,1,5,8,7,1,8,4,9,34,43,53,48,64,,"2019-06-28 16:58:58.000000"
183,23,F,pt,7,8,7,6,6,7,5,2,6,1,3,8,8,2,1,8,8,1,2,3,8,9,6,9,8,3,1,1,7,1,6,1,3,8,8,3,1,8,5,4,37,65,62,41,48,,"2019-06-28 16:58:59.000000"
184,25,M,pt,5,6,3,2,5,6,1,3,9,5,7,7,5,2,3,4,8,1,3,5,6,8,5,9,8,8,3,3,5,2,7,3,2,2,5,5,3,8,2,6,38,59,52,54,45,,"2019-06-28 17:00:50.000000"
185,0,M,en,9,9,9,5,8,7,1,3,2,0,8,9,9,1,9,5,9,6,8,9,9,7,2,1,9,3,4,2,7,5,3,1,2,8,9,7,3,6,4,9,55,65,53,42,58,,"2019-06-28 17:11:13.000000"
186,0,M,en,7,8,4,1,8,2,6,6,8,5,7,7,6,3,8,4,8,2,4,7,7,5,7,1,6,7,3,5,4,1,2,6,4,4,6,2,3,7,6,8,48,50,47,53,57,,"2019-06-28 17:15:42.000000"
187,20,M,pt,4,7,9,2,2,8,3,1,6,5,5,5,8,2,1,7,4,1,4,5,8,8,8,1,7,9,6,2,8,6,5,9,1,3,4,2,1,9,2,4,30,45,69,60,32,,"2019-06-28 17:16:11.000000"
188,24,M,pt,7,8,5,4,9,5,2,7,6,8,7,9,5,4,4,2,7,2,3,9,0,6,7,7,7,2,2,5,3,3,4,3,7,7,9,8,5,9,9,9,49,58,45,35,56,,"2019-06-28 17:29:26.000000"
189,24,M,pt,7,8,5,4,9,5,2,7,6,8,7,9,5,4,4,2,7,2,3,9,0,6,7,7,7,2,2,5,3,3,4,3,7,7,9,8,5,9,9,9,49,58,45,35,56,,"2019-06-28 17:29:55.000000"
190,27,M,pt,4,9,9,4,8,9,5,4,3,1,8,9,9,0,6,6,9,4,7,7,7,9,8,4,7,2,6,4,8,4,2,4,4,4,8,4,4,7,5,3,44,57,57,37,54,,"2019-06-28 17:31:09.000000"
191,0,M,pt,4,6,7,4,6,8,6,7,4,5,6,6,5,4,4,7,5,6,4,6,5,6,8,4,7,8,6,4,5,4,8,6,7,6,8,1,3,5,6,5,25,42,41,41,47,,"2019-06-28 17:41:30.000000"
192,0,M,pt,5,7,6,1,5,8,4,3,3,5,7,6,7,5,1,8,5,1,2,8,6,8,8,2,7,5,6,5,3,2,8,5,2,7,7,5,2,6,7,8,34,49,56,42,49,"Talkative,Harsh","2019-06-28 17:42:37.000000"
193,0,M,pt,9,6,3,2,4,6,5,7,6,7,6,7,5,2,3,2,6,1,4,9,9,6,3,2,7,2,7,6,6,6,2,4,3,5,7,6,7,7,9,9,58,42,41,48,46,,"2019-06-28 17:52:45.000000"
194,55,M,pt,5,0,0,0,0,4,0,0,4,0,5,3,0,0,0,0,0,0,0,4,0,4,7,0,2,0,0,0,5,0,6,0,3,0,0,0,0,0,4,0,20,7,14,15,6,"Talkative,Withdrawn,Relaxed,Bold,Kind,Creative,Cooperative,Practical,Intellectual,Mellow,Shy,Disorganized,Fretful","2019-06-28 17:53:05.000000"
195,0,M,pt,8,8,3,0,6,3,2,6,9,0,6,6,6,2,7,1,5,5,0,7,7,7,8,0,8,3,6,3,7,0,1,6,8,1,5,6,1,7,6,6,59,51,42,37,39,"Talkative,Sympathetic,Deep,Careless,Relaxed,Philosophical,Creative,Intellectual,Mellow,Cold,Disorganized,Complex,Imaginative","2019-06-28 18:06:01.000000"
196,42,M,pt,7,5,8,1,6,8,5,3,4,6,8,4,7,3,6,5,5,4,5,7,6,6,5,2,7,4,4,4,5,1,5,4,2,5,6,6,6,4,5,7,45,41,51,48,52,,"2019-06-28 18:07:28.000000"
197,0,F,pt,9,9,7,4,9,8,5,4,6,6,7,9,7,3,3,6,7,2,2,8,7,9,8,6,5,3,5,4,8,5,6,2,6,8,3,5,3,7,1,9,45,59,53,50,46,"Harsh,Kind","2019-06-28 18:08:59.000000"
198,0,M,pt,7,8,9,0,0,0,0,0,0,0,7,7,0,0,0,0,0,0,0,0,0,8,0,8,0,0,0,0,0,0,0,0,0,7,0,0,0,0,0,0,14,23,9,5,0,,"2019-06-28 18:09:37.000000"
199,0,M,pt,7,8,8,0,8,0,0,0,0,0,9,9,9,9,0,5,8,3,7,9,0,9,9,9,9,8,1,5,9,0,4,0,8,9,9,9,0,9,8,9,38,43,49,17,44,,"2019-06-28 18:13:00.000000"
200,0,M,pt,6,8,8,3,9,8,5,5,8,8,6,9,7,4,7,8,4,3,5,6,6,8,7,6,6,7,5,5,8,5,7,4,5,5,4,6,5,6,4,6,34,50,50,49,45,,"2019-06-28 18:39:32.000000"
201,0,M,pt,6,8,8,3,9,8,5,5,8,8,6,9,7,4,7,8,4,3,5,6,6,8,7,6,6,7,5,5,8,5,7,4,5,5,4,6,5,6,4,6,34,50,50,49,45,"Sympathetic,Deep,Relaxed,Kind,Bashful,Mellow","2019-06-28 18:41:58.000000"
202,27,F,pt,8,5,7,4,8,6,2,3,5,3,6,7,6,4,7,5,6,1,3,6,7,8,8,4,7,2,5,3,5,3,3,2,3,7,7,7,2,8,7,7,52,55,59,41,56,,"2019-06-28 18:51:30.000000"
203,0,M,pt,3,7,6,4,7,7,5,3,6,3,3,8,5,4,7,6,6,2,2,8,5,8,7,4,7,7,3,1,8,3,8,6,4,1,7,4,1,6,3,7,27,54,54,56,57,Systematic,"2019-06-28 18:54:21.000000"
204,22,M,en,3,3,4,2,8,8,5,0,8,1,6,5,6,3,8,0,7,1,2,9,4,7,9,4,8,6,7,4,5,1,6,7,0,5,7,3,4,8,5,9,26,39,42,52,67,"Ordinary,Cold","2019-06-28 19:15:06.000000"
205,0,M,pt,6,6,3,1,1,4,3,8,8,5,4,5,5,2,4,7,8,3,1,8,7,8,8,7,5,7,6,8,8,2,7,3,8,2,5,3,6,7,7,9,35,49,36,56,45,,"2019-06-28 19:17:21.000000"
206,0,M,pt,7,9,7,1,6,5,4,2,2,5,7,9,8,1,1,8,8,4,2,9,7,9,7,1,2,2,5,2,2,7,8,3,6,8,5,7,1,6,7,9,45,62,54,44,40,,"2019-06-28 19:20:37.000000"
207,0,M,pt,8,8,7,5,9,4,4,5,4,6,8,8,6,7,7,7,8,5,6,7,7,6,8,5,6,6,6,6,7,5,7,4,8,8,7,6,6,7,4,6,45,50,44,36,51,"Quiet,Mellow,Imaginative","2019-06-28 19:24:37.000000"
208,0,M,pt,7,5,7,6,9,7,6,5,3,9,4,6,6,6,9,9,6,3,6,6,5,9,5,1,7,8,8,2,9,5,6,6,3,5,5,4,7,7,3,5,30,39,52,45,47,,"2019-06-28 19:36:06.000000"
209,0,M,pt,3,7,8,6,3,7,1,4,7,1,6,7,3,2,5,4,2,4,1,7,3,2,7,6,8,9,4,3,9,1,7,2,1,3,6,2,1,4,1,8,27,50,50,57,55,"Sympathetic,Orderly,Envious,Withdrawn,Relaxed,Bold,Kind,Creative,Practical,Jealous,Intellectual,Quiet,Mellow,Shy,Complex,Imaginative","2019-06-28 20:22:08.000000"
210,0,M,pt,4,5,5,5,6,4,4,7,7,5,6,6,4,3,7,4,3,2,3,7,6,6,7,2,8,5,4,4,7,8,4,2,7,2,5,5,5,8,4,8,44,45,44,55,48,"Relaxed,Kind,Philosophical,Practical,Intellectual,Mellow,Efficient","2019-06-28 20:30:08.000000"
211,22,M,en,4,4,4,5,5,0,4,7,6,6,1,7,0,2,7,0,7,2,1,8,4,4,7,6,8,2,5,0,5,7,8,7,3,1,6,5,1,8,0,7,24,45,37,46,48,"Careless,Kind,Creative,Practical,Ordinary,Shy,Efficient,Imaginative","2019-06-28 20:54:06.000000"
212,0,M,pt,8,5,0,4,8,6,6,3,7,2,7,8,4,3,9,6,8,1,0,7,8,6,9,4,8,3,5,4,4,3,4,2,2,6,7,6,1,9,6,8,50,53,52,38,62,,"2019-06-28 21:06:22.000000"
213,51,M,pt,8,5,8,5,5,5,5,7,5,6,7,8,5,5,7,6,9,5,4,8,8,7,8,4,7,5,4,6,4,4,4,3,5,5,8,8,3,7,8,9,51,54,45,38,54,,"2019-06-28 21:14:19.000000"
214,28,F,pt,3,7,7,2,3,8,2,2,7,5,7,6,4,2,2,6,5,2,3,5,5,7,8,4,5,7,2,2,7,2,7,2,2,2,5,6,2,7,2,5,33,57,58,59,38,,"2019-06-28 21:16:24.000000"
215,0,F,pt,8,6,7,4,3,8,3,5,5,7,5,7,6,2,1,3,7,2,3,5,3,6,8,5,5,3,5,2,5,3,6,5,2,7,3,5,2,7,4,4,41,51,57,45,31,,"2019-06-28 21:20:19.000000"
216,0,M,pt,9,5,5,1,4,4,7,5,8,6,8,9,5,1,5,2,7,0,0,6,7,8,9,5,7,1,3,0,3,0,0,7,0,9,7,8,0,7,8,8,55,42,31,37,41,,"2019-06-28 22:31:08.000000"
217,0,M,pt,1,8,9,1,7,9,1,1,3,1,8,9,5,1,6,8,6,1,4,8,7,9,8,1,5,9,4,1,5,1,9,2,8,5,4,1,1,7,2,8,22,64,58,54,56,"Sympathetic,Orderly,Withdrawn,Kind,Bashful,Creative,Energetic,Cooperative,Practical,Quiet,Shy,Efficient,Imaginative","2019-06-29 19:50:08.000000"
218,50,F,pt,2,5,8,1,8,9,2,2,6,3,3,8,8,3,6,7,6,3,5,6,5,4,7,6,8,9,7,1,8,2,8,2,1,3,6,2,1,7,4,5,19,51,63,52,54,,"2019-06-29 20:51:22.000000"
219,22,M,en,1,7,5,9,7,8,6,3,1,9,3,8,5,7,8,7,5,2,6,5,5,5,8,9,9,6,7,2,6,5,5,5,2,5,9,1,1,5,4,4,24,46,54,27,48,"Envious,Deep,Withdrawn,Average,Kind,Moody,Philosophical,Bashful,Practical,Jealous,Intellectual,Complex","2019-06-29 21:30:30.000000"
220,21,F,pt,7,4,1,6,7,2,6,8,1,5,1,8,5,5,8,7,7,6,6,9,4,9,7,6,9,2,4,8,7,5,6,9,7,9,7,5,7,3,9,9,40,42,27,27,59,,"2019-06-29 21:52:26.000000"
221,0,M,pt,4,3,8,8,8,4,6,1,1,0,4,2,9,2,3,4,1,1,0,5,4,4,6,6,6,3,6,1,1,1,5,6,1,5,5,5,2,7,6,5,41,30,66,25,41,,"2019-06-30 01:12:22.000000"
222,0,M,en,7,6,9,2,6,2,9,8,7,5,9,8,9,9,8,6,8,1,5,8,8,8,9,3,7,1,5,1,3,1,1,9,2,8,4,6,9,9,5,8,60,38,64,38,55,,"2019-06-30 08:25:59.000000"
223,25,M,pt,4,4,7,3,7,4,3,7,8,3,5,5,5,2,7,7,5,5,2,6,5,8,6,2,7,6,4,6,7,6,7,3,6,2,3,3,3,4,4,3,33,49,38,60,44,,"2019-06-30 10:03:25.000000"
224,52,M,pt,6,7,8,2,9,7,5,4,6,5,6,7,8,4,4,5,8,1,5,7,9,7,8,4,6,3,4,4,5,4,5,2,3,8,2,6,2,8,2,6,47,56,60,46,45,,"2019-06-30 10:44:57.000000"
225,52,M,pt,7,8,8,2,9,7,5,4,6,5,6,7,8,4,4,5,8,1,5,7,9,7,9,4,6,3,4,4,5,4,5,2,3,8,2,7,2,8,2,7,49,57,61,46,46,,"2019-06-30 10:53:43.000000"
226,0,F,pt,4,8,5,1,5,1,1,4,5,7,6,9,5,7,7,8,9,2,8,7,8,8,8,7,3,2,5,2,5,3,3,5,5,5,3,8,1,7,4,7,52,62,52,38,42,"Kind,Bashful,Warm,Energetic,Efficient","2019-06-30 11:40:02.000000"
227,0,M,en,4,8,4,3,6,4,5,6,7,4,6,7,5,2,1,5,7,1,5,0,5,7,8,1,6,4,5,5,4,4,4,1,2,3,3,7,3,7,7,7,45,55,50,50,35,,"2019-06-30 13:53:03.000000"
228,0,M,pt,4,8,4,3,6,4,5,6,7,4,6,7,5,2,1,5,7,1,5,0,5,7,8,1,6,4,5,5,4,4,4,1,2,3,3,7,3,7,7,7,45,55,50,50,35,,"2019-06-30 13:54:34.000000"
229,0,M,pt,4,8,4,3,6,4,5,6,7,4,6,7,5,2,1,5,7,1,5,0,5,7,8,1,6,4,5,5,4,4,4,1,2,3,3,7,3,7,7,7,45,55,50,50,35,,"2019-06-30 13:54:50.000000"
230,0,M,pt,5,7,7,6,7,4,5,6,9,5,7,8,6,3,4,6,8,2,6,4,7,8,8,6,8,6,6,7,8,3,6,5,7,6,5,8,6,8,6,6,45,49,47,44,46,,"2019-06-30 15:05:11.000000"
231,28,M,pt,2,2,2,1,2,7,2,0,6,4,5,5,2,6,8,7,6,5,2,7,2,0,6,8,7,6,1,9,6,2,7,1,6,1,9,2,1,5,9,9,24,48,25,45,56,"Philosophical,Creative,Intellectual,Shy,Imaginative","2019-06-30 15:20:41.000000"
232,28,M,pt,7,4,0,0,0,0,0,0,8,0,5,6,0,0,0,5,0,0,0,9,5,0,8,4,0,0,6,0,0,0,0,8,7,0,6,7,0,8,9,9,29,16,19,15,24,"Talkative,Sympathetic,Relaxed,Bold,Kind,Systematic,Bashful,Creative,Energetic,Practical,Jealous,Distant,Cold,Disorganized,Complex,Extraverted,Efficient,Fretful,Imaginative","2019-06-30 16:13:40.000000"
233,28,M,pt,7,4,3,1,2,4,3,5,8,2,5,6,6,1,2,5,1,1,1,9,5,6,8,4,2,4,6,1,7,1,4,8,7,6,6,7,1,8,9,9,47,39,51,53,47,"Talkative,Sympathetic,Relaxed,Bold,Kind,Systematic,Bashful,Creative,Energetic,Cooperative,Practical,Jealous,Distant,Cold,Disorganized,Temperamental,Complex,Extraverted,Efficient,Fretful,Imaginative","2019-06-30 16:15:23.000000"
234,0,M,pt,5,7,7,1,5,7,5,2,6,4,7,5,3,2,6,5,4,3,2,6,4,7,7,1,5,5,8,4,7,2,4,7,4,4,7,3,2,7,4,9,38,41,51,59,52,,"2019-06-30 17:58:04.000000"
235,0,M,en,7,5,7,5,6,4,8,5,7,3,8,7,5,6,4,3,7,4,8,5,8,7,7,7,5,3,3,3,2,2,4,2,4,5,4,6,2,7,6,5,55,51,50,32,44,,"2019-06-30 22:59:07.000000"
236,0,M,pt,0,5,7,5,0,8,7,0,0,6,0,0,0,0,0,0,0,0,0,0,0,0,0,0,6,9,0,0,7,0,8,0,0,0,0,0,0,0,0,0,5,8,7,12,10,"Sympathetic,Orderly,Envious,Withdrawn,Harsh,Average,Systematic,Bashful,Intellectual,Quiet,Mellow,Shy","2019-07-01 08:33:13.000000"
237,0,M,pt,8,7,5,5,6,2,2,1,3,1,7,8,8,7,7,6,8,1,1,7,6,8,5,8,8,1,1,1,5,1,5,1,2,8,9,8,1,7,8,9,55,66,60,31,64,,"2019-07-01 09:01:03.000000"
238,21,M,pt,6,5,7,3,6,6,6,3,7,7,4,7,7,3,8,7,7,2,2,4,5,6,6,3,7,4,3,2,6,2,7,2,2,2,2,1,3,7,2,8,32,51,58,58,46,,"2019-07-01 15:25:47.000000"
239,0,M,en,2,2,2,0,4,3,0,2,0,0,0,2,2,0,5,0,2,6,2,3,2,2,2,0,3,0,5,6,0,6,0,5,6,5,3,0,6,2,0,3,11,22,28,13,25,Sympathetic,"2019-07-01 16:35:38.000000"
240,0,M,pt,4,5,8,6,6,8,8,6,4,7,4,3,8,6,9,7,4,6,6,4,3,4,8,7,7,6,7,6,6,7,7,7,7,6,6,3,7,6,6,4,26,27,45,33,42,"Sympathetic,Orderly,Deep,Withdrawn,Harsh,Average,Systematic,Philosophical,Touchy,Practical,Jealous,Intellectual,Quiet,Distant,Sloppy,Cold,Rude,Efficient","2019-07-01 16:58:39.000000"
241,0,M,en,2,7,7,1,0,6,2,1,5,0,2,5,6,6,8,5,5,3,4,7,3,7,8,1,8,7,3,1,7,5,4,1,1,3,0,2,2,6,7,0,27,56,61,50,28,,"2019-07-01 17:04:50.000000"
242,22,M,pt,7,8,5,4,7,6,6,4,8,6,8,9,8,4,6,7,9,5,4,6,8,7,6,8,7,7,4,4,9,4,7,5,5,6,8,6,4,6,3,8,42,54,47,48,52,"Orderly,Envious,Deep,Careless,Relaxed,Average,Philosophical","2019-07-01 17:13:37.000000"
243,22,F,en,7,8,8,2,8,2,1,3,3,4,1,8,6,5,5,8,7,3,7,7,9,8,7,5,8,8,3,5,8,8,8,2,2,6,7,2,1,7,0,7,33,64,55,36,50,"Orderly,Touchy","2019-07-01 17:52:28.000000"
244,0,M,pt,8,8,2,2,8,3,2,2,6,5,3,8,5,2,8,4,9,2,2,7,5,9,9,5,5,2,7,7,7,2,2,9,8,3,9,8,5,8,6,9,53,51,45,53,59,"Envious,Relaxed,Bold,Warm","2019-07-01 18:02:28.000000"
245,0,M,en,4,7,5,5,5,6,5,3,5,5,2,6,7,7,5,3,2,4,1,1,3,8,3,5,6,8,5,3,5,7,8,6,5,3,5,1,2,5,5,1,25,45,45,44,31,"Sympathetic,Withdrawn,Average,Kind,Systematic,Moody,Cooperative,Quiet,Shy","2019-07-02 21:52:52.000000"
246,0,M,pt,3,7,8,4,6,8,8,3,8,5,4,5,3,5,8,6,5,2,8,5,4,5,8,6,9,8,8,8,8,1,6,8,6,8,7,4,2,8,6,7,27,36,48,39,56,,"2019-07-03 11:37:13.000000"
247,0,M,en,9,9,9,9,9,9,9,9,9,9,9,9,9,9,9,9,9,9,9,9,9,9,9,9,9,9,9,9,9,9,9,9,9,9,9,9,9,9,9,9,40,40,40,24,56,,"2019-07-22 14:21:01.000000"
248,0,M,en,9,9,9,9,9,9,9,9,9,9,9,9,9,9,9,9,9,9,9,9,9,9,9,9,9,9,9,9,9,9,9,9,9,9,9,9,9,9,9,9,40,40,40,24,56,,"2019-07-27 13:44:50.000000"
249,0,M,en,5,5,5,5,5,5,5,5,5,5,5,5,5,5,5,5,5,5,5,5,5,5,5,5,5,5,5,5,5,5,5,5,5,5,5,5,5,5,5,5,40,40,40,40,40,,"2019-07-27 16:41:19.000000"
250,0,M,en,5,5,5,5,5,5,5,5,5,5,5,5,5,5,5,5,5,5,5,5,5,5,5,5,5,5,5,5,5,5,5,5,5,5,5,5,5,5,5,5,40,40,40,40,40,,"2019-07-28 08:34:25.000000"
251,0,M,pt,6,7,1,2,9,3,4,8,7,2,8,8,2,1,9,2,7,7,2,8,5,5,4,2,7,4,5,4,4,2,1,1,8,5,3,7,2,3,4,9,56,55,23,55,61,,"2019-08-21 21:57:27.000000"
252,23,F,pt,8,6,9,8,6,7,4,4,8,7,1,5,9,7,2,3,2,1,5,8,5,1,5,9,2,1,1,7,3,2,4,9,3,9,7,8,7,7,1,8,47,33,55,32,44,"Talkative,Orderly,Envious,Average,Systematic,Moody,Creative,Jealous,Sloppy,Cold,Temperamental,Extraverted,Rude,Imaginative","2019-08-26 15:37:25.000000"
253,21,M,pt,7,5,0,0,0,9,0,0,1,0,5,0,5,5,0,8,0,0,0,0,6,0,0,0,0,7,0,0,2,0,8,7,6,2,0,4,0,0,0,7,30,8,9,16,7,"Sympathetic,Relaxed,Bold,Systematic,Moody,Bashful,Quiet,Mellow,Shy,Cold,Disorganized,Temperamental,Imaginative","2019-09-23 12:06:58.000000"
254,0,M,pt,7,1,3,0,0,0,0,0,0,0,0,0,0,1,9,0,6,0,0,0,0,0,9,0,0,0,8,0,7,0,3,0,0,0,0,0,0,3,0,0,14,9,15,16,9,"Talkative,Sympathetic,Orderly,Philosophical,Practical,Distant,Mellow,Shy,Efficient","2019-11-11 17:55:27.000000"
255,0,M,pt,5,9,7,2,4,3,2,2,7,6,3,1,6,2,3,3,8,1,2,2,8,9,2,2,2,4,4,2,2,2,3,2,2,2,2,2,2,2,2,2,45,57,50,57,27,Intellectual,"2019-12-05 07:44:33.000000"
256,0,M,en,6,8,8,6,9,8,7,5,3,5,7,9,9,7,8,7,9,1,6,7,8,7,7,6,9,7,5,4,6,2,7,3,2,6,8,6,5,8,7,8,38,53,60,31,62,"Sympathetic,Withdrawn,Kind,Systematic,Philosophical,Warm,Energetic,Intellectual,Efficient","2020-03-11 21:07:13.000000"
